,name,longitude,latitude,total_pop,area,reachfactor,geometry,type,city,cluster,address,zipcode,Lat,Long,source,url,notes,geometry_y,total,men,women
0,Fab Lab Barcelona,2.1943351554908492,41.39692498100806,85512.0,4414692.78,0.8994000000000001,"POLYGON ((2.181814 41.394814, 2.181818 41.394634, 2.181969 41.39116, 2.182512 41.388045, 2.182594 41.387901, 2.182729 41.387688, 2.182745 41.387677, 2.186288 41.387211, 2.189545 41.387251, 2.192458 41.386679, 2.194172 41.38668, 2.199413 41.386923, 2.20173 41.387252, 2.201769 41.38728, 2.20611 41.391197, 2.206369 41.391261, 2.206478 41.3914, 2.20658 41.39185, 2.206919 41.395455, 2.206873 41.397327, 2.206578 41.402674, 2.205493 41.406096, 2.205303 41.406236, 2.200017 41.407745, 2.199048 41.408053, 2.194236 41.40745, 2.188462 41.407141, 2.18612 41.40658, 2.183001 41.404405, 2.182823 41.404038, 2.18213 41.40215, 2.182082 41.401735, 2.181904 41.399704, 2.181815 41.396635, 2.181814 41.396189, 2.181814 41.394814))",Fab Lab,Barcelona,BCN,"Carrer de Pujades, 102",8005.0,41.39692498100806,2.194335155490849,Fablabs.io,https://fablabbcn.org/,,POINT (2.194335155490849 41.39692498100806),64691,30648,34043
1,MADE Makerspace Barcelona,2.141084282475449,41.373238104403214,88686.0,4388387.03,0.894,"POLYGON ((2.127469 41.374827, 2.128301 41.370212, 2.128597 41.366887, 2.128672 41.366692, 2.128905 41.366387, 2.128961 41.366322, 2.131208 41.364809, 2.134425 41.363571, 2.138189 41.362675, 2.141524 41.362337, 2.1418 41.362347, 2.145861 41.363738, 2.146774 41.364074, 2.151233 41.367254, 2.152781 41.368484, 2.153743 41.370297, 2.155741 41.374078, 2.15604 41.375237, 2.154419 41.378908, 2.154293 41.379092, 2.154266 41.379113, 2.152343 41.380467, 2.148317 41.381902, 2.146206 41.383816, 2.146158 41.38386, 2.146139 41.383874, 2.142641 41.384602, 2.138608 41.384257, 2.136081 41.384015, 2.134816 41.383555, 2.132194 41.381401, 2.131263 41.380436, 2.129789 41.378754, 2.128581 41.377287, 2.127469 41.374875, 2.127469 41.374827))",Fab Lab,Barcelona,BCN,Carrer Noguera Pallaresa 59-61,8014.0,41.373238104403214,2.141084282475449,"Fablabs.io, Hackerspaces.org, Makerspaces.make.co",,,POINT (2.141084282475449 41.37323810440321),97317,46156,51161
2,Soko Tech,2.188882597820186,41.42453540945304,90167.0,4342783.41,0.8847,"POLYGON ((2.174851 41.424714, 2.174888 41.423775, 2.175497 41.42255, 2.177074 41.417741, 2.179814 41.415102, 2.179906 41.415037, 2.183689 41.413199, 2.187275 41.412242, 2.187797 41.412288, 2.193601 41.413417, 2.194102 41.413458, 2.194493 41.413744, 2.194908 41.414057, 2.195228 41.414306, 2.199912 41.417838, 2.2015 41.418854, 2.201792 41.419254, 2.20184 41.424467, 2.20173 41.424815, 2.201622 41.425126, 2.201526 41.425144, 2.198556 41.42603, 2.196131 41.429808, 2.197212 41.432082, 2.197175 41.432195, 2.194164 41.434405, 2.192938 41.434823, 2.189469 41.435695, 2.189014 41.435678, 2.184433 41.435024, 2.1804 41.434115, 2.179629 41.433611, 2.17935 41.433333, 2.178082 41.431669, 2.175523 41.428702, 2.17536 41.428316, 2.175349 41.428273, 2.174851 41.424714))",Fab Lab,Barcelona,BCN,"Carrer de Vallès i Ribot, 36",8027.0,41.42453540945304,2.1888825978201867,Fablabs.io,https://soko.tech/,,POINT (2.188882597820187 41.42453540945304),106216,50321,55895
3,LSCongres,2.182025968984485,41.426002192952815,95371.0,4470928.42,0.9108,"POLYGON ((2.167014 41.427727, 2.167345 41.426543, 2.167378 41.426494, 2.168081 41.425649, 2.170706 41.420636, 2.171887 41.418308, 2.171911 41.418261, 2.172976 41.416785, 2.174209 41.415737, 2.174266 41.415712, 2.174301 41.415698, 2.17433 41.415688, 2.175709 41.415244, 2.176024 41.41518, 2.181487 41.414324, 2.185889 41.414874, 2.187443 41.415267, 2.190727 41.416246, 2.191208 41.416518, 2.19129 41.416582, 2.193101 41.419467, 2.194509 41.42196, 2.195139 41.425504, 2.195123 41.425571, 2.194287 41.428683, 2.19422 41.428783, 2.191741 41.431909, 2.190201 41.433307, 2.189369 41.433986, 2.185287 41.436816, 2.185135 41.436864, 2.184652 41.436952, 2.180626 41.437322, 2.178689 41.437313, 2.178606 41.437299, 2.175336 41.435978, 2.172484 41.434805, 2.171649 41.43447, 2.171427 41.434359, 2.16985 41.432204, 2.168579 41.430329, 2.167026 41.42781, 2.167014 41.427727))",Fab Lab,Barcelona,BCN,"Carrer del Cardenal Tedeschini, 50",8027.0,41.426002192952815,2.1820259689844854,Fablabs.io,https://fablabs.io/labs/lscongres,,POINT (2.182025968984485 41.42600219295282),121775,57692,64083
4,Green Fab Lab,2.133441411313727,41.45039383574725,49.0,833458.39,0.1698,"POLYGON ((2.126857 41.450915, 2.12691 41.450127, 2.130993 41.447166, 2.135024 41.44414, 2.135416 41.443917, 2.135809 41.443694, 2.140204 41.446421, 2.141643 41.44641, 2.14223 41.447058, 2.142138 41.447406, 2.138068 41.451625, 2.132915 41.453735, 2.129567 41.454446, 2.128969 41.45388, 2.127136 41.451588, 2.126994 41.451299, 2.126868 41.451002, 2.126857 41.450915))",Fab Lab,Cerdanyola del Vallès,BCN,"Ctra. BV-1415 (Horta-Cerdanyola), km 7",8290.0,41.45039383574725,2.133441411313727,Fablabs.io,,,POINT (2.133441411313727 41.45039383574725),301,144,157
5,Barcelona Mobility LAB,2.199793097820458,41.43215238774583,12691.0,633895.88,0.1291,"POLYGON ((2.194385 41.435171, 2.194398 41.435131, 2.195368 41.433601, 2.19743 41.432593, 2.199992 41.432229, 2.205094 41.431115, 2.2053 41.431084, 2.206889 41.431496, 2.207046 41.43182, 2.207276 41.432706, 2.207612 41.434324, 2.207605 41.434392, 2.20736 41.434849, 2.20735 41.434864, 2.206735 41.435686, 2.205459 41.436481, 2.204417 41.437116, 2.201022 41.439096, 2.200205 41.43913, 2.200196 41.439126, 2.195844 41.436752, 2.19566 41.436654, 2.194725 41.43586, 2.194392 41.435222, 2.194385 41.435171))",Fab Lab,Barcelona,BCN,Passatge del Torrent de l'Estadella 56,8030.0,41.43215238774583,2.199793097820458,Fablabs.io,,,POINT (2.199793097820458 41.43215238774583),16622,7879,8743
6,Fab Lab Sant Cugat,2.091703597821606,41.46756916570972,4046.0,1301735.32,0.2652,"POLYGON ((2.082532 41.463096, 2.082815 41.461981, 2.083538 41.461129, 2.083863 41.460975, 2.086915 41.459845, 2.088779 41.459319, 2.091038 41.45947, 2.091464 41.459693, 2.09447 41.462939, 2.096382 41.464288, 2.0966 41.464575, 2.096563 41.468064, 2.096517 41.468205, 2.09642 41.468394, 2.094267 41.470818, 2.092562 41.472066, 2.092314 41.472198, 2.090166 41.472958, 2.089808 41.472924, 2.087457 41.472313, 2.085631 41.471847, 2.085353 41.471716, 2.085134 41.471516, 2.084567 41.47014, 2.083357 41.465606, 2.082891 41.464252, 2.082533 41.463279, 2.082532 41.463096))",Fab Lab,Sant Cugat del Vallès,BCN,"Avinguda de la Torre Blanca, 57",8712.0,41.46756916570972,2.0917035978216068,Fablabs.io,,,POINT (2.091703597821607 41.46756916570972),3941,1928,2013
17,Fab Lab Tinkerers,1.9889505536364671,41.27620125260372,11866.0,2012380.86,0.41000000000000003,"POLYGON ((1.975744 41.272696, 1.975796 41.272339, 1.97729 41.271284, 1.980059 41.269516, 1.981956 41.268439, 1.982316 41.268433, 1.986882 41.268329, 1.991408 41.266487, 1.991695 41.266309, 1.992055 41.266316, 1.993744 41.267261, 1.996494 41.269328, 1.996501 41.269688, 1.994069 41.270632, 1.991092 41.275036, 1.990662 41.276907, 1.99062 41.277277, 1.991291 41.282215, 1.991021 41.283534, 1.990816 41.283829, 1.989344 41.284093, 1.98486 41.284122, 1.984662 41.284109, 1.984591 41.283883, 1.983787 41.281845, 1.978801 41.279822, 1.978382 41.279784, 1.977598 41.278734, 1.976685 41.276281, 1.976327 41.275095, 1.975744 41.272696))",Fab Lab,Castelldefels,BCN,"PMT-UPC, RDIT Building, C/Esteve Terradas, 1",8860.0,41.27620125260372,1.988950553636468,Fablabs.io,https://fablabs.io/labs/Tinkerers,,POINT (1.988950553636468 41.27620125260372),11216,5556,5659
18,W!LAB,2.014245119250698,41.31567763555224,28366.0,3592256.2,0.7318,"POLYGON ((2.000793 41.311414, 2.00549 41.308213, 2.005494 41.308211, 2.009372 41.30697, 2.012998 41.306093, 2.013412 41.306471, 2.019025 41.306504, 2.021334 41.306451, 2.024353 41.308234, 2.025942 41.312425, 2.026335 41.314126, 2.026817 41.317011, 2.026823 41.317067, 2.026337 41.31996, 2.026119 41.320247, 2.024564 41.321684, 2.021727 41.322326, 2.018621 41.323704, 2.016866 41.32415, 2.011623 41.324305, 2.007946 41.324506, 2.007376 41.324444, 2.005349 41.323403, 2.004026 41.322105, 2.001929 41.317972, 2.001675 41.317263, 2.001485 41.316511, 2.000838 41.311772, 2.000793 41.311414))",Fab Lab,Viladecans,BCN,"Parc de Can Xic, 1",8840.0,41.31567763555224,2.014245119250698,Fablabs.io,https://fablabs.io/labs/wilab,,POINT (2.014245119250698 41.31567763555224),30484,15165,15319
20,Danaus,2.203959826655459,41.40800712230815,100054.0,4814235.01,0.9807,"POLYGON ((2.188509 41.405174, 2.189042 41.402957, 2.189539 41.402556, 2.189657 41.402461, 2.190716 41.401623, 2.195177 41.398191, 2.19536 41.398065, 2.200008 41.397937, 2.204072 41.397785, 2.20846 41.398026, 2.21341 41.398132, 2.215481 41.399579, 2.215656 41.399886, 2.217096 41.403257, 2.218645 41.407743, 2.218696 41.409214, 2.218707 41.409518, 2.218433 41.411008, 2.217842 41.413012, 2.216707 41.415875, 2.216688 41.415891, 2.216684 41.415894, 2.216665 41.41591, 2.212949 41.417285, 2.208522 41.418257, 2.206549 41.418404, 2.20615 41.418357, 2.200649 41.417741, 2.195338 41.417137, 2.194087 41.417134, 2.192928 41.417078, 2.192683 41.417001, 2.192648 41.416975, 2.192284 41.416703, 2.192223 41.416657, 2.1921 41.416455, 2.191752 41.415067, 2.191084 41.412382, 2.189741 41.408803, 2.188509 41.405174))",Hackerspace,Barcelona,BCN,Av. Diagonal 114,8019.0,41.40800712230815,2.2039598266554594,"Hackerspaces.org, Makerspaces.make.co",https://wiki.hackerspaces.org/Danaus,,POINT (2.203959826655459 41.40800712230815),71606,33924,37682
21,AKASHA Hub Barcelona,2.191145940148218,41.41105433376162,95436.0,4589575.63,0.935,"POLYGON ((2.178987 41.413062, 2.179193 41.408718, 2.179173 41.406887, 2.179233 41.405304, 2.179664 41.403306, 2.179918 41.402998, 2.179942 41.40297, 2.183001 41.400564, 2.183227 41.400386, 2.183719 41.400104, 2.186681 41.399532, 2.186811 41.399536, 2.192318 41.399999, 2.195529 41.400947, 2.198738 41.401325, 2.198942 41.401335, 2.20188 41.402539, 2.203306 41.404169, 2.204174 41.407968, 2.20369 41.413146, 2.203476 41.415455, 2.203017 41.418084, 2.201786 41.420552, 2.201623 41.420621, 2.196888 41.421331, 2.191568 41.422577, 2.186204 41.422155, 2.181437 41.420561, 2.180606 41.419936, 2.180509 41.419744, 2.179872 41.416053, 2.178987 41.413062))",Hackerspace,Barcelona,BCN,"carrer de la verneda, 17 loc1",8018.0,41.41105433376162,2.1911459401482185,Hackerspaces.org,https://wiki.hackerspaces.org/AKASHA_Hub_Barcelona,,POINT (2.191145940148219 41.41105433376162),74510,35300,39210
22,DIY Bio Barcelona,2.1542502401473262,41.38304792762858,99832.0,4530495.69,0.9229,"POLYGON ((2.140364 41.381257, 2.14065 41.37943, 2.142561 41.376087, 2.142735 41.375817, 2.143016 41.375546, 2.143203 41.37537, 2.145874 41.373397, 2.147408 41.37259, 2.149731 41.372555, 2.155626 41.372519, 2.16151 41.373045, 2.161617 41.373044, 2.162704 41.373036, 2.162926 41.373036, 2.163489 41.373035, 2.163568 41.373035, 2.164129 41.373195, 2.166418 41.375278, 2.167487 41.378342, 2.167686 41.379043, 2.16776 41.379458, 2.167148 41.385284, 2.166795 41.388336, 2.166473 41.390939, 2.166382 41.39133, 2.166124 41.391526, 2.165142 41.392236, 2.164143 41.392399, 2.161036 41.392764, 2.156329 41.392867, 2.154047 41.392869, 2.151258 41.392762, 2.148947 41.392637, 2.148874 41.392631, 2.146359 41.392381, 2.145753 41.392054, 2.14265 41.389698, 2.142364 41.389334, 2.141962 41.387487, 2.140425 41.381937, 2.140369 41.381354, 2.140364 41.381257))",DIYBio Lab,Barcelona,BCN,Carrer Consell de Cent 159,8015.0,41.38304792762858,2.154250240147326,diybio.org,https://sphere.diybio.org/labs/diybiobcn/,,POINT (2.154250240147326 41.38304792762858),96535,45734,50800
23,Maker Convent,2.181013540147451,41.387737414275676,87482.0,4382689.53,0.8928,"POLYGON ((2.167616 41.387366, 2.168031 41.385437, 2.168483 41.380682, 2.168498 41.380668, 2.171568 41.378919, 2.174082 41.377362, 2.178208 41.376873, 2.182752 41.377227, 2.188012 41.377884, 2.188105 41.377903, 2.189642 41.379129, 2.190537 41.380286, 2.191007 41.380908, 2.193379 41.385192, 2.193359 41.385381, 2.192192 41.389508, 2.192379 41.391596, 2.192922 41.393369, 2.192891 41.39354, 2.191892 41.395648, 2.191884 41.395654, 2.191858 41.395674, 2.19185 41.39568, 2.190466 41.396399, 2.185256 41.398169, 2.182515 41.398784, 2.181587 41.398953, 2.181464 41.398961, 2.176561 41.397988, 2.17505 41.397903, 2.174544 41.397892, 2.170078 41.39664, 2.170024 41.396599, 2.169525 41.396218, 2.169467 41.396065, 2.167868 41.391529, 2.167651 41.387989, 2.167616 41.387366))",Makerspace,Barcelona,BCN,Plaça de l’Acadèmia s/n,8003.0,41.38773741427568,2.181013540147452,Makerspaces.make.co,https://conventagusti.com/maker/,,POINT (2.181013540147452 41.38773741427568),82428,39051,43377
24,Ateneu de Fabricació Les Corts,2.135464167132671,41.38366087714364,88373.0,4230914.57,0.8619,"POLYGON ((2.12256 41.381503, 2.122925 41.377277, 2.123992 41.375881, 2.12411 41.375752, 2.124408 41.375543, 2.12731 41.374995, 2.130573 41.37381, 2.134336 41.372597, 2.136872 41.372079, 2.13892 41.372041, 2.138988 41.372054, 2.141107 41.372624, 2.145423 41.375496, 2.146525 41.376357, 2.14754 41.378474, 2.147642 41.37873, 2.147927 41.382173, 2.147951 41.382602, 2.147992 41.383912, 2.148051 41.385594, 2.148029 41.386925, 2.147893 41.389122, 2.144668 41.392088, 2.144386 41.392303, 2.141492 41.39275, 2.140894 41.392843, 2.136898 41.393445, 2.132702 41.39347, 2.131622 41.393435, 2.127234 41.392067, 2.125961 41.39158, 2.124199 41.389567, 2.123325 41.387558, 2.122702 41.383089, 2.12256 41.381503))",Ateneu de Fabricació,Barcelona,BCN,c/ Evarist Arnús 59 i c/ Comtes de Bell-Lloc 192,8014.0,41.38366087714364,2.135464167132671,Ajuntament.barcelona.cat,https://ajuntament.barcelona.cat/ateneusdefabricacio/en/fab-labs-directory/,,POINT (2.135464167132671 41.38366087714364),101168,47929,53239
25,Ateneu de Fabricació La Fàbrica del Sol,2.191718180625283,41.382352379582926,47179.0,2674749.67,0.5449,"POLYGON ((2.177486 41.385269, 2.177497 41.382645, 2.177585 41.381358, 2.178256 41.378794, 2.178717 41.37772, 2.181317 41.376336, 2.186303 41.37306, 2.1873 41.372042, 2.19085 41.371443, 2.190963 41.372116, 2.190839 41.37675, 2.192241 41.378877, 2.194353 41.382424, 2.197937 41.386143, 2.19972 41.386649, 2.201921 41.387009, 2.201946 41.387028, 2.201985 41.388643, 2.201932 41.389636, 2.201926 41.389717, 2.201895 41.389807, 2.201118 41.391408, 2.201091 41.391429, 2.201063 41.39145, 2.201035 41.39147, 2.197771 41.392125, 2.195168 41.392398, 2.192553 41.392568, 2.192425 41.392574, 2.189607 41.391829, 2.189578 41.391808, 2.184955 41.388765, 2.184376 41.388768, 2.181515 41.388585, 2.178439 41.386927, 2.178398 41.386876, 2.178334 41.386784, 2.178301 41.38673, 2.177486 41.385269))",Ateneu de Fabricació,Barcelona,BCN,"Passeig de Salvat Papasseit, 1",8003.0,41.382352379582926,2.191718180625283,Ajuntament.barcelona.cat,https://ajuntament.barcelona.cat/ateneusdefabricacio/en/fab-labs-directory/,,POINT (2.191718180625283 41.38235237958293),37411,17724,19687
26,Ateneu de Fabricació Ciutat Meridiana,2.169872326657153,41.460459824619406,11276.0,1535244.09,0.3128,"POLYGON ((2.162366 41.467182, 2.162393 41.466976, 2.162598 41.466214, 2.162665 41.466008, 2.163477 41.460542, 2.162629 41.456401, 2.162698 41.456047, 2.162952 41.456097, 2.163205 41.456147, 2.163497 41.45623, 2.164015 41.456534, 2.169559 41.45716, 2.174166 41.45556, 2.174783 41.455582, 2.174866 41.455601, 2.17929 41.458243, 2.182064 41.459695, 2.182076 41.459706, 2.182225 41.459948, 2.182214 41.460209, 2.182197 41.460275, 2.180542 41.464831, 2.180332 41.465091, 2.180218 41.465186, 2.180025 41.465291, 2.179838 41.46534, 2.176618 41.465845, 2.173155 41.465404, 2.16805 41.465976, 2.162723 41.467229, 2.162366 41.467182))",Ateneu de Fabricació,Barcelona,BCN,"Av. de Rasos de Peguera, 232",8033.0,41.460459824619406,2.1698723266571536,Ajuntament.barcelona.cat,https://ajuntament.barcelona.cat/ateneusdefabricacio/en/fab-labs-directory/,,POINT (2.169872326657154 41.46045982461941),10820,5157,5663
27,Ateneu de Fabricació Parc Tecnológic,2.168955284327927,41.436964660556576,83897.0,4253709.28,0.8666,"POLYGON ((2.154928 41.436715, 2.156582 41.433687, 2.157913 41.430872, 2.158699 41.430076, 2.159258 41.4297, 2.160811 41.429052, 2.162292 41.428511, 2.164153 41.427843, 2.168316 41.426867, 2.171462 41.426913, 2.1729 41.426991, 2.173354 41.42704, 2.177647 41.42838, 2.179269 41.42965, 2.183043 41.433012, 2.183318 41.433308, 2.183685 41.434371, 2.184009 41.436336, 2.183832 41.438491, 2.183523 41.441238, 2.180064 41.44447, 2.179954 41.444523, 2.178576 41.445156, 2.178505 41.445185, 2.177021 41.445778, 2.174056 41.446395, 2.172224 41.446723, 2.171495 41.446802, 2.168011 41.446929, 2.162354 41.445507, 2.158112 41.443781, 2.157199 41.442921, 2.155584 41.440566, 2.155292 41.43919, 2.154928 41.436715))",Ateneu de Fabricació,Barcelona,BCN,"Carrer de Marie Curie, 8-14",8042.0,41.436964660556576,2.1689552843279274,Ajuntament.barcelona.cat,https://ajuntament.barcelona.cat/ateneusdefabricacio/en/fab-labs-directory/,,POINT (2.168955284327927 41.43696466055658),100684,47700,52984
28,Ateneu de Fabricació Gràcia,2.161167011312049,41.39936443324356,97329.0,4526226.06,0.9221,"POLYGON ((2.148285 41.397203, 2.148575 41.39425, 2.148594 41.39413, 2.149678 41.392428, 2.150556 41.391067, 2.150574 41.391053, 2.151538 41.39034, 2.151569 41.390317, 2.152167 41.389992, 2.154699 41.389588, 2.157051 41.389497, 2.160007 41.389371, 2.165739 41.389167, 2.165899 41.389171, 2.168944 41.389636, 2.171928 41.390106, 2.172031 41.390134, 2.172087 41.390177, 2.172989 41.391099, 2.17454 41.395245, 2.175799 41.399598, 2.175835 41.400829, 2.175835 41.400838, 2.174492 41.402976, 2.173154 41.407375, 2.172512 41.408125, 2.172149 41.408483, 2.172064 41.408548, 2.171762 41.408701, 2.17011 41.408834, 2.166497 41.408979, 2.161941 41.409659, 2.15599 41.409297, 2.15328 41.408947, 2.153059 41.408858, 2.150533 41.407546, 2.150326 41.407384, 2.148367 41.40203, 2.148285 41.397203))",Ateneu de Fabricació,Barcelona,BCN,Carrer Perill 8,8012.0,41.39936443324356,2.1611670113120494,Ajuntament.barcelona.cat,https://ajuntament.barcelona.cat/ateneusdefabricacio/en/fab-labs-directory/,,POINT (2.161167011312049 41.39936443324356),99197,46996,52202
29,Ateneu de Fabricació Ca L'Alier,2.203873110704254,41.41078570052905,93219.0,4521044.84,0.921,"POLYGON ((2.190682 41.404717, 2.192169 41.402302, 2.192389 41.40205, 2.192954 41.401619, 2.193138 41.40149, 2.197197 41.399895, 2.198955 41.399878, 2.201661 41.400338, 2.205667 41.400532, 2.206693 41.400554, 2.210946 41.400858, 2.211224 41.401034, 2.212874 41.402309, 2.213209 41.402575, 2.215892 41.404902, 2.216257 41.405215, 2.217505 41.40812, 2.217599 41.410243, 2.216245 41.41268, 2.215945 41.416217, 2.215929 41.416789, 2.215633 41.417798, 2.215206 41.418299, 2.212909 41.420815, 2.212751 41.420937, 2.210775 41.42188, 2.208023 41.421868, 2.20269 41.421073, 2.201564 41.421011, 2.197935 41.420813, 2.197642 41.420783, 2.195171 41.420489, 2.194701 41.420213, 2.194662 41.420183, 2.191763 41.416501, 2.191742 41.416464, 2.19171 41.415129, 2.191653 41.412805, 2.191691 41.411128, 2.191727 41.409436, 2.190686 41.404746, 2.190682 41.404717))",Ateneu de Fabricació,Barcelona,BCN,"Carrer de Pere IV, 362",8019.0,41.41078570052905,2.203873110704254,Manually added,,,POINT (2.203873110704254 41.41078570052905),68563,32482,36081
30,Punt Multimedia FAB Casa del Mig,2.140514455999282,41.37698885014896,91882.0,4322198.37,0.8805000000000001,"POLYGON ((2.126916 41.377653, 2.127171 41.372662, 2.127357 41.372427, 2.128132 41.371463, 2.128747 41.370723, 2.129395 41.369947, 2.129542 41.369773, 2.132964 41.367645, 2.137875 41.366651, 2.140197 41.366334, 2.143748 41.366378, 2.145274 41.366986, 2.149961 41.369247, 2.15034 41.369517, 2.15037 41.369547, 2.15351 41.373038, 2.15419 41.373985, 2.15451 41.376692, 2.154498 41.376728, 2.152535 41.382236, 2.152047 41.384275, 2.151858 41.38443, 2.148872 41.386665, 2.147138 41.387254, 2.144567 41.388115, 2.142682 41.388143, 2.137935 41.387394, 2.135898 41.387316, 2.132899 41.386181, 2.132428 41.385889, 2.130416 41.382077, 2.126942 41.377681, 2.126916 41.377653))",City Space,Barcelona,BCN,"Carrer de Muntadas, 5",8014.0,41.37698885014896,2.140514455999282,Manually added,https://www.puntmultimedia.org/,,POINT (2.140514455999282 41.37698885014896),101327,48008,53320
31,Punt Multimedia La Marina,2.141575611310696,41.35827229815483,65902.0,3648156.97,0.7432000000000001,"POLYGON ((2.130229 41.353636, 2.131776 41.350385, 2.131874 41.350337, 2.135145 41.349051, 2.137702 41.348294, 2.140909 41.347645, 2.14684 41.346956, 2.148186 41.347115, 2.149765 41.348977, 2.150951 41.351051, 2.152457 41.354321, 2.153047 41.357974, 2.154737 41.360483, 2.154712 41.360633, 2.15463 41.360858, 2.154411 41.361291, 2.152573 41.36332, 2.151557 41.363733, 2.147083 41.366583, 2.146541 41.367153, 2.146536 41.367154, 2.14181 41.367143, 2.140318 41.367678, 2.139856 41.367663, 2.135596 41.367381, 2.134861 41.366858, 2.13226 41.364819, 2.130307 41.359703, 2.13037 41.354301, 2.130229 41.353636))",City Space,Barcelona,BCN,Casa del Rellotge,8037.0,41.35827229815483,2.141575611310696,Manually added,https://puntmultimedialamarina.cat/,,POINT (2.141575611310696 41.35827229815483),53930,25682,28248
32,Club Maker de l'American Space - Biblioteca Fabra i Coats,2.1912362419994,41.43476043833471,86930.0,4159797.31,0.8474,"POLYGON ((2.177014 41.436076, 2.177612 41.433113, 2.178028 41.432233, 2.179102 41.430171, 2.180701 41.428435, 2.182612 41.42681, 2.184172 41.425909, 2.189324 41.424118, 2.191815 41.423378, 2.19184 41.42338, 2.192834 41.424423, 2.193488 41.425138, 2.193577 41.425282, 2.193557 41.425774, 2.193816 41.427887, 2.199417 41.428252, 2.200428 41.428384, 2.203497 41.431202, 2.205213 41.432084, 2.205274 41.432157, 2.205997 41.435494, 2.206153 41.436339, 2.206152 41.436366, 2.20595 41.437029, 2.205927 41.437062, 2.201931 41.441298, 2.197215 41.444548, 2.197153 41.44456, 2.191662 41.446257, 2.190267 41.446951, 2.190132 41.447003, 2.188247 41.446498, 2.187313 41.446177, 2.18329 41.443393, 2.18074 41.441071, 2.177975 41.439123, 2.17794 41.439088, 2.177815 41.438931, 2.177014 41.436076))",Library,Barcelona,BCN,"Carrer del Segre, 24",8030.0,41.43476043833471,2.1912362419994,Manually added,https://ajuntament.barcelona.cat/biblioteques/bibcanfabra/ca/detail/american-space-club-maker-2021-2022-a-carrec-de-ferran-fabregas_99400655092,,POINT (2.1912362419994 41.43476043833471),106389,50403,55986
33,Makers Zone BCN,2.157535855490096,41.37298180510111,86670.0,4483312.74,0.9133,"POLYGON ((2.142949 41.369531, 2.143518 41.368655, 2.145026 41.366915, 2.147001 41.365147, 2.147189 41.365092, 2.149531 41.364427, 2.15243 41.363746, 2.152498 41.363746, 2.15841 41.363982, 2.158626 41.364068, 2.159563 41.364493, 2.164642 41.36478, 2.164881 41.364764, 2.165063 41.364812, 2.167361 41.365615, 2.167741 41.365977, 2.171345 41.369531, 2.171728 41.37008, 2.171928 41.370394, 2.172436 41.372046, 2.172517 41.373914, 2.171273 41.376827, 2.169787 41.380123, 2.169475 41.380621, 2.168249 41.382203, 2.168242 41.382206, 2.163834 41.383924, 2.162918 41.38403, 2.162861 41.384034, 2.160075 41.383377, 2.156837 41.383371, 2.154491 41.383299, 2.151623 41.383058, 2.149604 41.382866, 2.146931 41.381003, 2.146381 41.380581, 2.144083 41.377148, 2.144071 41.377106, 2.143451 41.37448, 2.142959 41.369745, 2.142949 41.369531))",Makerspace,Barcelona,BCN,Carrer de Ricart 36,8004.0,41.37298180510111,2.157535855490096,Manually added,https://mzbcn.es/,,POINT (2.157535855490096 41.37298180510111),82532,39100,43432
34,FabCafé Barcelona,2.17718274014759,41.39201229743223,89397.0,4447150.2,0.906,"POLYGON ((2.164102 41.385155, 2.16416 41.385069, 2.168396 41.382585, 2.171541 41.381861, 2.174756 41.381726, 2.178068 41.381784, 2.179885 41.381924, 2.181848 41.382184, 2.183268 41.382407, 2.186244 41.383152, 2.189084 41.3852, 2.189886 41.389127, 2.189987 41.391389, 2.189822 41.394804, 2.189518 41.396841, 2.189021 41.399003, 2.18887 41.399152, 2.184518 41.402403, 2.184497 41.402419, 2.183235 41.402613, 2.177731 41.402299, 2.175709 41.402393, 2.17481 41.402425, 2.170183 41.401918, 2.167506 41.401532, 2.165117 41.399919, 2.165102 41.399907, 2.164993 41.399764, 2.164581 41.394344, 2.164362 41.388513, 2.164102 41.385155))",FabCafé,Barcelona,BCN,"Carrer de Bailèn, 11",8010.0,41.39201229743223,2.17718274014759,Manually added,https://fabcafe.com/es/barcelona/,,POINT (2.17718274014759 41.39201229743223),83880,39739,44141
35,TMDC,2.199644726656069,41.42674586957263,61950.0,3195259.11,0.6509,"POLYGON ((2.189317 41.423872, 2.189318 41.42382, 2.189823 41.422763, 2.190799 41.422155, 2.193465 41.41927, 2.193818 41.416383, 2.19388 41.416336, 2.194072 41.416283, 2.195559 41.416052, 2.195702 41.41603, 2.200005 41.416137, 2.202218 41.41615, 2.204587 41.416176, 2.206727 41.416197, 2.210368 41.417103, 2.21096 41.417419, 2.211252 41.417677, 2.211262 41.417689, 2.212332 41.423339, 2.212279 41.426589, 2.2103 41.432025, 2.209676 41.434245, 2.209037 41.435277, 2.208684 41.435783, 2.208683 41.435785, 2.20702 41.436514, 2.20528 41.436338, 2.204981 41.436306, 2.202588 41.435528, 2.201493 41.432059, 2.196728 41.4331, 2.194388 41.432874, 2.194336 41.432864, 2.192988 41.430659, 2.19139 41.425707, 2.189906 41.424428, 2.189359 41.423961, 2.189317 41.423872))",Makerspace,Barcelona,BCN,"Rambla de Prim, 258",8020.0,41.42674586957263,2.199644726656069,Manually added,https://www.tmdc.es/,,POINT (2.199644726656069 41.42674586957263),61128,29094,32034
36,Disseny Lab UAB,2.11142915549425,41.50068700446783,7462.0,2161500.27,0.4403,"POLYGON ((2.099983 41.503213, 2.100018 41.500133, 2.101068 41.498575, 2.104195 41.496105, 2.104854 41.495735, 2.109975 41.494481, 2.11482 41.494433, 2.116408 41.493816, 2.117074 41.493958, 2.11984 41.494752, 2.123218 41.495797, 2.123383 41.496117, 2.123398 41.496217, 2.12335 41.496816, 2.123281 41.497169, 2.122743 41.497727, 2.12268 41.497766, 2.122676 41.497768, 2.122616 41.497802, 2.12027 41.498988, 2.119074 41.503228, 2.118201 41.503518, 2.116479 41.503852, 2.116278 41.503889, 2.114967 41.5041, 2.110885 41.507853, 2.110665 41.508137, 2.1099 41.508607, 2.108665 41.509286, 2.108305 41.50931, 2.103865 41.508032, 2.101888 41.507758, 2.100487 41.505731, 2.100404 41.505549, 2.099983 41.503213))",Makerspace,Cerdanyola del Vallès,BCN,"C/ Sitges S/N. Escola Enginyeria, Universitat Autonoma de Barcelona. ",8193.0,41.50068700446783,2.1114291554942506,Manually added,https://www.uab.cat/web/espacios/disseny-lab/equipamiento-del-design-lab-1345823382113.html,,POINT (2.111429155494251 41.50068700446783),5275,2598,2677
37,ATTA33,2.189540141998292,41.40031808724662,94386.0,4674478.67,0.9523,"POLYGON ((2.176167 41.400103, 2.17745 41.394688, 2.177575 41.392878, 2.178048 41.391035, 2.178336 41.390811, 2.17836 41.390795, 2.181738 41.389737, 2.185803 41.388946, 2.186292 41.388879, 2.187256 41.388911, 2.187572 41.388975, 2.191698 41.389804, 2.195589 41.390353, 2.199624 41.390863, 2.199984 41.391165, 2.201563 41.39254, 2.202633 41.396513, 2.202633 41.39652, 2.202126 41.400848, 2.202277 41.402761, 2.20242 41.407581, 2.202415 41.407651, 2.202292 41.40834, 2.202256 41.408376, 2.19928 41.409547, 2.197431 41.409626, 2.194589 41.409696, 2.190986 41.411121, 2.19071 41.411173, 2.189299 41.411365, 2.186791 41.411178, 2.184169 41.410688, 2.181215 41.410061, 2.17938 41.408771, 2.179087 41.408561, 2.178132 41.407872, 2.177966 41.407735, 2.177774 41.407462, 2.17627 41.403069, 2.176167 41.400193, 2.176167 41.400103))",Service,Barcelona,BCN,"Carrer de Tànger, 33",8018.0,41.40031808724662,2.189540141998292,Manually added,https://atta33.com/,,POINT (2.189540141998292 41.40031808724662),77968,36938,41030
43,RavalFab / Colectic,2.164598368982968,41.37881289202178,101992.0,4732935.64,0.9642000000000001,"POLYGON ((2.150808 41.376652, 2.15157 41.373026, 2.154826 41.369693, 2.15558 41.369433, 2.160614 41.367844, 2.162766 41.368703, 2.166707 41.368194, 2.171192 41.369537, 2.174034 41.37067, 2.175976 41.371543, 2.178253 41.373429, 2.178412 41.373622, 2.178609 41.377093, 2.178879 41.380145, 2.178316 41.384208, 2.177133 41.386438, 2.177129 41.386441, 2.176972 41.386539, 2.176967 41.386542, 2.173373 41.387812, 2.170636 41.388257, 2.167065 41.38995, 2.166948 41.38995, 2.163579 41.389924, 2.159736 41.389789, 2.159653 41.389787, 2.154412 41.388172, 2.15405 41.388055, 2.153962 41.387993, 2.153938 41.387975, 2.153852 41.387912, 2.152669 41.38693, 2.152625 41.386888, 2.152598 41.386783, 2.152371 41.385079, 2.151247 41.379767, 2.150808 41.376652))",Fab Lab,Barcelona,BCN,"Carrer dels Salvador, 8",8001.0,41.37881289202178,2.164598368982968,Manually added,https://colectic.coop/projecte/ravalfab,,POINT (2.164598368982968 41.37881289202178),105352,49911,55440
44,BDN Lab,2.238114638501468,41.44280114524807,56797.0,2947604.66,0.6005,"POLYGON ((2.225783 41.446742, 2.226041 41.444118, 2.225854 41.43866, 2.22818 41.434305, 2.228421 41.434038, 2.233336 41.434291, 2.236282 41.434389, 2.238206 41.434467, 2.241087 41.437145, 2.242371 41.438777, 2.242806 41.439322, 2.247126 41.442724, 2.247287 41.442915, 2.248755 41.445805, 2.248784 41.448873, 2.248256 41.450511, 2.24819 41.450635, 2.248031 41.450792, 2.246506 41.451256, 2.244353 41.451675, 2.24223 41.451993, 2.240142 41.451653, 2.234698 41.451476, 2.233165 41.451109, 2.229729 41.44968, 2.227375 41.448621, 2.226332 41.447983, 2.226099 41.447709, 2.225799 41.447101, 2.225783 41.446742))",Fab Lab,Badalona,BCN,"Carrer del General Weyler, 128",8912.0,41.44280114524807,2.238114638501468,Manually added,https://bdnlab.org/,,POINT (2.238114638501468 41.44280114524807),48078,23945,24133
45,IED Maker Lab,2.154621517643902,41.40511327003595,90686.0,4438988.92,0.9043,"POLYGON ((2.14072 41.405159, 2.141537 41.39981, 2.141563 41.399697, 2.141668 41.399386, 2.142142 41.398418, 2.142321 41.398267, 2.143232 41.397516, 2.14443 41.396521, 2.14455 41.396424, 2.146013 41.396009, 2.147723 41.39573, 2.151648 41.39537, 2.15726 41.395126, 2.160081 41.394887, 2.160465 41.394886, 2.161362 41.394923, 2.162761 41.395155, 2.16453 41.395738, 2.165805 41.397346, 2.166584 41.401491, 2.167061 41.403895, 2.167396 41.407833, 2.167695 41.410021, 2.167027 41.412429, 2.166968 41.412557, 2.165962 41.413659, 2.165105 41.414112, 2.164985 41.414129, 2.159628 41.414798, 2.158152 41.415034, 2.154836 41.415229, 2.150386 41.415682, 2.15013 41.415654, 2.146429 41.415213, 2.144817 41.41438, 2.143745 41.412999, 2.141939 41.408916, 2.140773 41.405391, 2.14072 41.405159))",University Lab,Barcelona,BCN,"Carrer de Biada, 6",8012.0,41.40511327003595,2.1546215176439025,Manually added,https://www.ied.edu/envira/barcelona-maker-lab,,POINT (2.154621517643903 41.40511327003595),102620,48617,54003
46,Punt Òmnia Casal Cívic Barcelona - Verdum - Fundació Pare Manel,2.175498282477786,41.444393125834125,70156.0,3756036.06,0.7652,"POLYGON ((2.160997 41.439984, 2.161063 41.43987, 2.162794 41.437682, 2.167557 41.435558, 2.170407 41.434217, 2.172141 41.433837, 2.172383 41.433816, 2.17366 41.433817, 2.173751 41.433819, 2.176567 41.434123, 2.180584 41.435208, 2.184139 41.436501, 2.18758 41.440096, 2.189177 41.441619, 2.191053 41.446017, 2.191124 41.446708, 2.19116 41.447317, 2.191157 41.447329, 2.188205 41.450418, 2.186641 41.452554, 2.184768 41.453424, 2.181351 41.453273, 2.177856 41.453206, 2.176765 41.453075, 2.175942 41.45239, 2.174146 41.448273, 2.171278 41.44788, 2.166815 41.449001, 2.165042 41.448087, 2.164958 41.448043, 2.162426 41.44545, 2.161154 41.440709, 2.160997 41.439984))",City Space,Barcelona,BCN,"Carrer Luz Casanova, 8",8042.0,41.444393125834125,2.175498282477786,Manually added,https://xarxaomnia.gencat.cat/punt-omnia/punt-mnia-casal-c-vic-barcelona-verdum-fundaci-pare-manel,,POINT (2.175498282477786 41.44439312583413),79558,37691,41867
47,DFactory Barcelona,2.138018746026638,41.33648723444821,20821.0,1016551.68,0.2071,"POLYGON ((2.125393 41.337393, 2.127466 41.332845, 2.127771 41.332656, 2.130401 41.332247, 2.135939 41.33247, 2.137164 41.330908, 2.137469 41.330716, 2.137678 41.330715, 2.141092 41.331777, 2.141208 41.332118, 2.140566 41.335796, 2.14026 41.335986, 2.137975 41.336809, 2.135474 41.337673, 2.132383 41.342232, 2.130564 41.342204, 2.128055 41.341689, 2.12566 41.339079, 2.12554 41.338739, 2.125393 41.337393))",Incubator/Accelerator,Barcelona,BCN,"Carrer 27, 10-16 Sector BZ Zona Franca",8040.0,41.33648723444821,2.1380187460266384,Manually added,https://www.dfactorybcn.org/,,POINT (2.138018746026638 41.33648723444821),12689,6012,6678
52,Camins Makers,2.111369796301172,41.38878736307806,61277.0,3542097.41,0.7216,"POLYGON ((2.100755 41.388343, 2.102194 41.383073, 2.104348 41.380804, 2.105955 41.379843, 2.109563 41.380789, 2.115349 41.379513, 2.115503 41.379352, 2.115842 41.379321, 2.119652 41.380831, 2.121184 41.382592, 2.124104 41.386042, 2.12497 41.388538, 2.125176 41.39199, 2.125167 41.392345, 2.122737 41.395441, 2.121763 41.396113, 2.118008 41.39809, 2.115969 41.399306, 2.11588 41.399305, 2.114556 41.39927, 2.114409 41.399266, 2.113295 41.39921, 2.110264 41.398909, 2.105741 41.398141, 2.10555 41.398089, 2.105387 41.397982, 2.104161 41.39699, 2.102409 41.395324, 2.102342 41.395058, 2.101897 41.392125, 2.100755 41.388343))",University Lab,Barcelona,BCN,​C/ Jordi Girona 1-3,8034.0,41.38878736307806,2.1113697963011724,Manually added,https://caminsmakers.upc.edu/,,POINT (2.111369796301172 41.38878736307806),63454,30137,33317
53,EspluLab,2.090413815342521,41.37620446773471,35242.0,3087037.01,0.6289,"POLYGON ((2.077191 41.378415, 2.077501 41.376709, 2.078473 41.374278, 2.07867 41.373977, 2.081411 41.370298, 2.081667 41.370045, 2.083707 41.369855, 2.088629 41.368888, 2.094499 41.368042, 2.094937 41.368068, 2.097318 41.369398, 2.097629 41.369579, 2.098394 41.370621, 2.102489 41.373981, 2.104576 41.375932, 2.104601 41.376291, 2.104578 41.376414, 2.102168 41.381285, 2.10207 41.381441, 2.101061 41.382893, 2.10085 41.383185, 2.100596 41.383357, 2.096388 41.384225, 2.09458 41.384338, 2.094462 41.38433, 2.09406 41.384119, 2.08824 41.38417, 2.086175 41.384571, 2.085548 41.384568, 2.085233 41.384393, 2.083431 41.382947, 2.079983 41.380574, 2.07858 41.379694, 2.07723 41.378773, 2.077191 41.378415))",City Space,Esplugues de Llobregat,BCN,"Carrer de la Riba, 36",8950.0,41.37620446773471,2.0904138153425214,Manually added,https://www.esplugues.cat/esplulab,,POINT (2.090413815342521 41.37620446773471),34351,16640,17711
54,Racó.net del Guinardó,2.173612855461628,41.41642633255901,91676.0,4589413.69,0.9349000000000001,"POLYGON ((2.159166 41.414607, 2.159253 41.413401, 2.159253 41.4134, 2.161371 41.410541, 2.16315 41.407663, 2.163238 41.407562, 2.163382 41.407426, 2.164036 41.407237, 2.164653 41.407088, 2.165846 41.406912, 2.170086 41.406321, 2.173658 41.406026, 2.175019 41.405986, 2.176555 41.406183, 2.180675 41.406738, 2.183207 41.407053, 2.184652 41.407254, 2.184655 41.407257, 2.184862 41.407448, 2.186826 41.410742, 2.186838 41.410793, 2.18685 41.410869, 2.187168 41.413727, 2.187114 41.415207, 2.186833 41.421004, 2.186435 41.423024, 2.186384 41.423189, 2.184239 41.424898, 2.183139 41.42571, 2.183135 41.425713, 2.18308 41.425751, 2.181247 41.426907, 2.178826 41.427351, 2.175611 41.427565, 2.172839 41.428165, 2.172838 41.428165, 2.17264 41.428196, 2.171507 41.427924, 2.169848 41.427502, 2.167088 41.42584, 2.166528 41.425437, 2.163169 41.421721, 2.160947 41.418508, 2.160533 41.417847, 2.159682 41.416416, 2.159166 41.414607))",City Space,Barcelona,BCN,"Ronda Guinardó, 113-141",8041.0,41.41642633255901,2.1736128554616285,Ajuntament de Barcelona policy document,https://ajuntament.barcelona.cat/ccivics/guinardo/raconet/,,POINT (2.173612855461629 41.41642633255901),105628,50042,55586
55,Espai Jove Casa Sagnier,2.143933768954298,41.40234951531677,94316.0,4550575.84,0.927,"POLYGON ((2.129935 41.398868, 2.13007 41.39723, 2.130163 41.396965, 2.131171 41.395845, 2.131535 41.395585, 2.134597 41.394145, 2.13753 41.392433, 2.137542 41.392429, 2.141402 41.392098, 2.142286 41.392038, 2.146554 41.392463, 2.149573 41.39227, 2.151378 41.392415, 2.152757 41.392627, 2.15421 41.393127, 2.156119 41.395277, 2.157243 41.396861, 2.157089 41.401216, 2.157289 41.403819, 2.15696 41.40479, 2.155665 41.40966, 2.155653 41.409692, 2.155539 41.40981, 2.154881 41.41047, 2.15396 41.411175, 2.151244 41.411903, 2.149496 41.412257, 2.145881 41.412941, 2.143049 41.41262, 2.139511 41.412815, 2.136598 41.411917, 2.132454 41.409701, 2.131792 41.409267, 2.131762 41.409208, 2.130843 41.407302, 2.130135 41.401722, 2.129935 41.398868))",City Space,Barcelona,BCN,C/Jardins d’Enric Sagnier,8006.0,41.40234951531677,2.143933768954298,Ajuntament de Barcelona policy document,https://ajuntament.barcelona.cat/espai-jove-casa-sagnier/ca,,POINT (2.143933768954298 41.40234951531677),105939,50190,55750
56,EASD Llotja - Sant Andreu,2.192606255566926,41.42758576749132,78040.0,3658226.36,0.7452000000000001,"POLYGON ((2.17711 41.428211, 2.177137 41.428167, 2.178536 41.426167, 2.181952 41.421839, 2.183407 41.420155, 2.187854 41.417216, 2.188355 41.416919, 2.188357 41.416919, 2.189413 41.416599, 2.191459 41.416715, 2.193322 41.417492, 2.198386 41.420107, 2.200244 41.422722, 2.200169 41.422978, 2.200391 41.427942, 2.201724 41.429584, 2.201708 41.4298, 2.201058 41.431936, 2.200365 41.432824, 2.197917 41.437268, 2.195352 41.43928, 2.195342 41.439282, 2.193568 41.439547, 2.192976 41.439626, 2.192326 41.439627, 2.190063 41.439488, 2.184946 41.436802, 2.183835 41.436153, 2.179567 41.433424, 2.17715 41.429723, 2.177144 41.429536, 2.17711 41.428211))",University Lab,Barcelona,BCN,"Carrer del Pare Manyanet, 38",8027.0,41.42758576749132,2.1926062555669263,Ajuntament de Barcelona policy document,http://www.llotja.cat/,,POINT (2.192606255566926 41.42758576749132),92489,43818,48672
57,Canodrom,2.18333882493696,41.427734104715725,95440.0,4447669.05,0.9061,"POLYGON ((2.167483 41.429093, 2.168657 41.425985, 2.168676 41.425957, 2.1696 41.425313, 2.173174 41.421605, 2.175634 41.418916, 2.175812 41.418754, 2.17584 41.418732, 2.179705 41.416676, 2.182869 41.415968, 2.183033 41.415932, 2.185537 41.41599, 2.187026 41.41628, 2.190006 41.417325, 2.190036 41.417343, 2.19008 41.417377, 2.19306 41.419781, 2.193076 41.41981, 2.194081 41.422036, 2.194711 41.42558, 2.196389 41.429866, 2.196397 41.429882, 2.196002 41.43225, 2.195653 41.432808, 2.195559 41.432935, 2.195115 41.433445, 2.194946 41.433617, 2.193958 41.434362, 2.191252 41.435703, 2.187811 41.438093, 2.185511 41.439305, 2.185398 41.439325, 2.182951 41.439431, 2.180303 41.439086, 2.175575 41.437613, 2.175519 41.437574, 2.175228 41.437311, 2.172948 41.435258, 2.170278 41.432284, 2.167506 41.429156, 2.167483 41.429093))",City Space,Barcelona,BCN,"Carrer de Concepción Arenal, 165",8027.0,41.427734104715725,2.1833388249369605,Ajuntament de Barcelona policy document,https://canodrom.barcelona/,,POINT (2.183338824936961 41.42773410471573),122397,57987,64410
58,Cibernàrium Nou Barris,2.169056075636853,41.43746855841409,82690.0,4267125.62,0.8693000000000001,"POLYGON ((2.154543 41.439983, 2.155089 41.436545, 2.157763 41.431988, 2.158498 41.430689, 2.158684 41.430492, 2.158767 41.43042, 2.159197 41.430192, 2.159642 41.429958, 2.159776 41.429892, 2.162177 41.428855, 2.166989 41.427306, 2.167138 41.427257, 2.172 41.426938, 2.172094 41.426941, 2.172382 41.426953, 2.173354 41.42704, 2.17766 41.42838, 2.179378 41.429678, 2.183026 41.432962, 2.183299 41.43325, 2.183878 41.43442, 2.184144 41.436259, 2.184179 41.436693, 2.18387 41.438523, 2.183371 41.441368, 2.180093 41.444456, 2.179954 41.444523, 2.176774 41.446045, 2.172805 41.447754, 2.172803 41.447754, 2.171667 41.447753, 2.167431 41.44706, 2.162502 41.445675, 2.158387 41.443012, 2.154595 41.440037, 2.154543 41.439983))",Incubator/Accelerator,Barcelona,BCN,"Carrer Marie Curie, 8-14",8042.0,41.43746855841409,2.169056075636853,Ajuntament de Barcelona policy document,https://cibernarium.barcelonactiva.cat/cibernarium-noubarris,,POINT (2.169056075636853 41.43746855841409),100926,47815,53111
59,Cibernàrium 22@,2.194483373013783,41.40316365746117,94265.0,4327990.85,0.8817,"POLYGON ((2.181348 41.401213, 2.182405 41.396165, 2.18294 41.394747, 2.183267 41.39456, 2.184946 41.39388, 2.188042 41.393436, 2.191349 41.392575, 2.193772 41.392689, 2.196737 41.392915, 2.201916 41.3933, 2.20237 41.39334, 2.205697 41.395005, 2.205738 41.395027, 2.206049 41.395239, 2.206082 41.395268, 2.206277 41.396084, 2.206637 41.397852, 2.206643 41.397923, 2.206658 41.399387, 2.206918 41.402746, 2.207755 41.405863, 2.207756 41.40589, 2.207766 41.408749, 2.206149 41.410109, 2.203948 41.41153, 2.202487 41.412295, 2.200991 41.412694, 2.199129 41.412863, 2.197759 41.412855, 2.192238 41.413273, 2.189735 41.412909, 2.189344 41.412758, 2.188679 41.412499, 2.188542 41.412394, 2.185986 41.410676, 2.182557 41.409482, 2.182459 41.409408, 2.181864 41.408952, 2.181523 41.406768, 2.181348 41.401213))",Incubator/Accelerator,Barcelona,BCN,"Roc Boronat, 117",8018.0,41.40316365746117,2.194483373013783,Ajuntament de Barcelona policy document,https://cibernarium.barcelonactiva.cat/en/edifici-mediatic,,POINT (2.194483373013783 41.40316365746117),70776,33531,37245
60,Fundació Comtal,2.179529,41.386901285786685,91473.0,4487281.18,0.9141,"POLYGON ((2.16536 41.388603, 2.166275 41.384335, 2.166821 41.381138, 2.167059 41.379775, 2.167188 41.379659, 2.168936 41.379003, 2.1733 41.376948, 2.174971 41.376572, 2.177859 41.376126, 2.180931 41.376351, 2.185268 41.376964, 2.188405 41.377697, 2.189899 41.379162, 2.190947 41.380379, 2.193199 41.385041, 2.193291 41.385309, 2.190731 41.390506, 2.190759 41.392564, 2.190909 41.393929, 2.190648 41.3944, 2.189944 41.394958, 2.189821 41.395044, 2.189017 41.395418, 2.184384 41.397392, 2.181768 41.397904, 2.18135 41.397885, 2.175455 41.397302, 2.174821 41.397108, 2.174725 41.397078, 2.171486 41.396073, 2.168701 41.395872, 2.168694 41.395868, 2.168603 41.395814, 2.168597 41.39581, 2.167475 41.394677, 2.167417 41.394532, 2.166636 41.392448, 2.165368 41.388678, 2.16536 41.388603))",Foundation,Barcelona,BCN,"Carrer Forn de la Fonda, 5",8003.0,41.386901285786685,2.179529,Ajuntament de Barcelona policy document,https://comtal.org/,,POINT (2.179529 41.38690128578668),85332,40427,44905
61,Fundació Avismón,2.1349484153425218,41.37410738070746,94273.0,4505873.51,0.9179,"POLYGON ((2.121454 41.37487, 2.121459 41.374771, 2.123319 41.371069, 2.123846 41.36865, 2.123946 41.36781, 2.124427 41.367093, 2.125197 41.366236, 2.126595 41.365309, 2.130362 41.363136, 2.130936 41.363053, 2.134248 41.362619, 2.135466 41.362735, 2.136763 41.36286, 2.139055 41.363241, 2.141252 41.363976, 2.144442 41.366471, 2.144993 41.367534, 2.147605 41.371618, 2.149277 41.373634, 2.149567 41.374011, 2.149584 41.376092, 2.149483 41.376461, 2.148731 41.37831, 2.146514 41.381648, 2.144162 41.383739, 2.143954 41.383908, 2.143947 41.383913, 2.143314 41.384163, 2.139364 41.384833, 2.139227 41.384849, 2.135049 41.38526, 2.132564 41.385927, 2.132273 41.386006, 2.129843 41.385852, 2.129838 41.385849, 2.129818 41.385836, 2.129039 41.385012, 2.128208 41.383961, 2.128117 41.383823, 2.126881 41.382263, 2.123474 41.379874, 2.123462 41.379867, 2.123091 41.3796, 2.123067 41.379577, 2.121655 41.376044, 2.121454 41.37487))",Foundation,Barcelona,BCN,"Carrer dels Jocs Florals, 59",8014.0,41.37410738070746,2.134948415342522,Ajuntament de Barcelona policy document,http://www.avismon.org/,,POINT (2.134948415342522 41.37410738070746),107472,51120,56352
